Longitude,Latitude,datetime,UHI Index
-73.91903667,40.81429167,24-07-2021 15:53,1.034616333
-73.91897833,40.814365,24-07-2021 15:53,1.028125188
-73.91892667,40.81443333,24-07-2021 15:53,1.028125188
-73.918875,40.8145,24-07-2021 15:53,1.025961473
-73.91882667,40.81456,24-07-2021 15:53,1.025961473
-73.918785,40.81460167,24-07-2021 15:53,1.023797758
-73.91875,40.81463333,24-07-2021 15:53,1.023797758
-73.91872333,40.81465333,24-07-2021 15:53,1.026081679
-73.91865667,40.81467667,24-07-2021 15:53,1.023917965
-73.91863167,40.81467,24-07-2021 15:53,1.023917965
-73.91854833,40.81467667,24-07-2021 15:53,1.023917965
-73.91848333,40.81469667,24-07-2021 15:53,1.026081679
-73.91843333,40.814725,24-07-2021 15:53,1.026081679
-73.918335,40.814795,24-07-2021 15:53,1.026081679
-73.918295,40.81482333,24-07-2021 15:53,1.026081679
-73.91827,40.814845,24-07-2021 15:53,1.023917965
-73.91824667,40.81486333,24-07-2021 15:53,1.023917965
-73.91813167,40.81500167,24-07-2021 15:54,1.034736539
-73.91809667,40.81502667,24-07-2021 15:54,1.034736539
-73.91806,40.81504833,24-07-2021 15:54,1.039063969
-73.918015,40.81507333,24-07-2021 15:54,1.039063969
-73.91796833,40.8151,24-07-2021 15:54,1.039063969
-73.91791833,40.81512833,24-07-2021 15:54,1.039063969
-73.91786667,40.81514333,24-07-2021 15:54,1.039063969
-73.91781833,40.81515,24-07-2021 15:54,1.039063969
-73.91776167,40.815135,24-07-2021 15:54,1.045555113
-73.91769833,40.81510833,24-07-2021 15:54,1.043391399
-73.91722333,40.81541333,24-07-2021 15:54,1.045555113
-73.91716167,40.81544833,24-07-2021 15:54,1.039063969
-73.91711333,40.81548167,24-07-2021 15:54,1.039063969
-73.91707667,40.81552,24-07-2021 15:54,1.039063969
-73.91699833,40.81556667,24-07-2021 15:54,1.039063969
-73.916965,40.81557667,24-07-2021 15:54,1.039063969
-73.91692833,40.81559333,24-07-2021 15:54,1.039063969
-73.91689333,40.815615,24-07-2021 15:54,1.039063969
-73.91685667,40.81563333,24-07-2021 15:54,1.039063969
-73.91681667,40.81567,24-07-2021 15:54,1.036900254
-73.91679167,40.815715,24-07-2021 15:54,1.036900254
-73.91670167,40.81575,24-07-2021 15:54,1.036900254
-73.91662167,40.81579167,24-07-2021 15:54,1.036900254
-73.91653333,40.81583,24-07-2021 15:54,1.032572824
-73.91644667,40.81586,24-07-2021 15:54,1.032572824
-73.91638833,40.815895,24-07-2021 15:54,1.026081679
-73.91634167,40.81592833,24-07-2021 15:54,1.026081679
-73.91630667,40.81596,24-07-2021 15:54,1.028245394
-73.91627667,40.81598167,24-07-2021 15:54,1.028245394
-73.91622667,40.81604167,24-07-2021 15:54,1.024038171
-73.91618833,40.81608167,24-07-2021 15:54,1.026201886
-73.91612667,40.81612,24-07-2021 15:54,1.026201886
-73.91607333,40.81615333,24-07-2021 15:55,1.024038171
-73.91602,40.81618167,24-07-2021 15:55,1.024038171
-73.91598333,40.81620167,24-07-2021 15:55,1.026201886
-73.915955,40.81621833,24-07-2021 15:55,1.026201886
-73.91588167,40.81631833,24-07-2021 15:55,1.024038171
-73.91585167,40.81636167,24-07-2021 15:55,1.024038171
-73.915815,40.816395,24-07-2021 15:55,1.024038171
-73.915795,40.81643333,24-07-2021 15:55,1.021874456
-73.915765,40.81646333,24-07-2021 15:55,1.021874456
-73.91471667,40.81553167,24-07-2021 15:57,1.022114869
-73.91479167,40.81541333,24-07-2021 15:57,1.019951154
-73.91482167,40.81535833,24-07-2021 15:57,1.019951154
-73.91498333,40.81503667,24-07-2021 15:57,1.019951154
-73.91501167,40.81496167,24-07-2021 15:58,1.019951154
-73.9152,40.81463833,24-07-2021 15:58,1.019951154
-73.915225,40.81460667,24-07-2021 15:58,1.019951154
-73.918135,40.80948667,24-07-2021 15:59,1.02007136
-73.91817333,40.80941833,24-07-2021 15:59,1.02007136
-73.91820667,40.809355,24-07-2021 15:59,1.02439879
-73.918235,40.80929833,24-07-2021 15:59,1.02439879
-73.91826167,40.80924333,24-07-2021 15:59,1.022235075
-73.91829667,40.809195,24-07-2021 15:59,1.022235075
-73.91833,40.809145,24-07-2021 15:59,1.02439879
-73.91836833,40.809095,24-07-2021 15:59,1.02439879
-73.9184,40.80904667,24-07-2021 15:59,1.02439879
-73.91843,40.80899833,24-07-2021 15:59,1.02439879
-73.91847667,40.80890167,24-07-2021 15:59,1.02439879
-73.91849833,40.80885833,24-07-2021 15:59,1.02439879
-73.91851333,40.80881833,24-07-2021 15:59,1.026562505
-73.91853167,40.80878333,24-07-2021 15:59,1.026682711
-73.99168167,40.77027667,24-07-2021 15:12,1.024038171
-73.99166667,40.77022667,24-07-2021 15:12,1.024038171
-73.99162667,40.77018333,24-07-2021 15:12,1.024038171
-73.99154333,40.77016833,24-07-2021 15:12,1.024038171
-73.99146667,40.77015333,24-07-2021 15:12,1.019710741
-73.991395,40.77014667,24-07-2021 15:12,1.019710741
-73.991315,40.77014167,24-07-2021 15:13,1.021874456
-73.991245,40.77013,24-07-2021 15:13,1.021874456
-73.99117,40.77010667,24-07-2021 15:13,1.021874456
-73.99107333,40.770085,24-07-2021 15:13,1.021874456
-73.99097333,40.77005833,24-07-2021 15:13,1.021874456
-73.99087167,40.77003167,24-07-2021 15:13,1.021874456
-73.99076167,40.77000333,24-07-2021 15:13,1.019710741
-73.99065833,40.76997167,24-07-2021 15:13,1.019710741
-73.99055333,40.769945,24-07-2021 15:13,1.019710741
-73.99045333,40.76991167,24-07-2021 15:13,1.019710741
-73.92664167,40.82812667,24-07-2021 15:05,1.019951154
-73.92668667,40.828145,24-07-2021 15:05,1.019951154
-73.9269,40.82824,24-07-2021 15:05,1.019951154
-73.92698167,40.828275,24-07-2021 15:05,1.019951154
-73.93101667,40.82972167,24-07-2021 15:06,1.02007136
-73.93112833,40.829675,24-07-2021 15:07,1.022235075
-73.93129,40.82966833,24-07-2021 15:07,1.035217365
-73.93133,40.82969667,24-07-2021 15:07,1.035217365
-73.93140667,40.82977167,24-07-2021 15:07,1.03305365
-73.93144,40.829825,24-07-2021 15:07,1.030889935
-73.93145,40.829845,24-07-2021 15:07,1.030889935
-73.93149,40.82991833,24-07-2021 15:07,1.026682711
-73.93151333,40.82996,24-07-2021 15:07,1.026682711
-73.93154333,40.83001333,24-07-2021 15:08,1.024518996
-73.931575,40.83007667,24-07-2021 15:08,1.024518996
-73.93160167,40.83014,24-07-2021 15:08,1.026682711
-73.93163167,40.83020333,24-07-2021 15:08,1.026682711
-73.93166167,40.83027167,24-07-2021 15:08,1.024518996
-73.93168667,40.830345,24-07-2021 15:08,1.024518996
-73.93103333,40.83317833,24-07-2021 15:09,1.044112637
-73.93101167,40.83321167,24-07-2021 15:09,1.044112637
-73.930995,40.83324333,24-07-2021 15:09,1.041948922
-73.93098,40.83327167,24-07-2021 15:09,1.041948922
-73.93097167,40.83329833,24-07-2021 15:09,1.044112637
-73.93095667,40.83333167,24-07-2021 15:10,1.044112637
-73.93093833,40.833365,24-07-2021 15:10,1.041948922
-73.93092,40.83340167,24-07-2021 15:10,1.041948922
-73.93090333,40.833445,24-07-2021 15:10,1.037621492
-73.93088833,40.83348833,24-07-2021 15:10,1.037621492
-73.930875,40.833535,24-07-2021 15:10,1.039785207
-73.930855,40.83358,24-07-2021 15:10,1.039785207
-73.93083,40.83362667,24-07-2021 15:10,1.035457777
-73.9308,40.83367667,24-07-2021 15:10,1.035457777
-73.93077333,40.83372333,24-07-2021 15:10,1.037621492
-73.93075,40.83376667,24-07-2021 15:10,1.037621492
-73.93073167,40.83380833,24-07-2021 15:10,1.033294062
-73.93070833,40.83385167,24-07-2021 15:10,1.033294062
-73.93068667,40.83389,24-07-2021 15:10,1.033294062
-73.93066,40.83392167,24-07-2021 15:10,1.033294062
-73.930635,40.83395167,24-07-2021 15:10,1.028966633
-73.93062167,40.83398667,24-07-2021 15:10,1.028966633
-73.93061333,40.83403,24-07-2021 15:10,1.026802918
-73.9306,40.83406833,24-07-2021 15:10,1.026802918
-73.93058,40.83411167,24-07-2021 15:10,1.031130348
-73.93050667,40.83420333,24-07-2021 15:10,1.031130348
-73.930475,40.83425167,24-07-2021 15:10,1.026802918
-73.93044333,40.83429833,24-07-2021 15:10,1.026802918
-73.930375,40.83444167,24-07-2021 15:10,1.020311773
-73.930355,40.83448,24-07-2021 15:10,1.020311773
-73.93032833,40.83451333,24-07-2021 15:10,1.022475488
-73.93030167,40.83454167,24-07-2021 15:10,1.022475488
-73.93028167,40.83455,24-07-2021 15:10,1.020311773
-73.93025833,40.83456333,24-07-2021 15:10,1.020311773
-73.93000667,40.83459333,24-07-2021 15:10,1.020431979
-73.92992167,40.834605,24-07-2021 15:10,1.020431979
-73.92587,40.83911833,24-07-2021 15:17,1.018869297
-73.92584333,40.83917833,24-07-2021 15:17,1.018869297
-73.925725,40.83934667,24-07-2021 15:17,1.018869297
-73.92569833,40.83940333,24-07-2021 15:17,1.018869297
-73.92531,40.840055,24-07-2021 15:17,1.018869297
-73.91069167,40.83915667,24-07-2021 15:39,1.020792599
-73.91335,40.83872,24-07-2021 15:40,1.023196726
-73.91339,40.83873833,24-07-2021 15:40,1.018869297
-73.91343,40.838755,24-07-2021 15:40,1.018869297
-73.913465,40.83876667,24-07-2021 15:40,1.018869297
-73.91349667,40.83877667,24-07-2021 15:41,1.018869297
-73.91353667,40.83879167,24-07-2021 15:41,1.023196726
-73.91353667,40.83879167,24-07-2021 15:41,1.023196726
-73.91364667,40.838835,24-07-2021 15:41,1.018869297
-73.91371167,40.83885833,24-07-2021 15:41,1.018869297
-73.913785,40.83888333,24-07-2021 15:41,1.023196726
-73.91385333,40.838905,24-07-2021 15:41,1.023196726
-73.915245,40.83936,24-07-2021 15:41,1.021033011
-73.91532333,40.83937833,24-07-2021 15:41,1.018869297
-73.91536,40.839385,24-07-2021 15:41,1.018869297
-73.91540667,40.83939167,24-07-2021 15:41,1.023196726
-73.91545333,40.83940833,24-07-2021 15:41,1.023196726
-73.91545333,40.83940833,24-07-2021 15:41,1.021033011
-73.91553333,40.83943667,24-07-2021 15:41,1.021033011
-73.91555833,40.83944667,24-07-2021 15:41,1.025360441
-73.91558333,40.83946,24-07-2021 15:41,1.025360441
-73.915605,40.83947,24-07-2021 15:41,1.023196726
-73.915715,40.83952167,24-07-2021 15:41,1.027524156
-73.9165,40.83893833,24-07-2021 15:43,1.034255713
-73.91653833,40.83888833,24-07-2021 15:43,1.034255713
-73.91657333,40.83883,24-07-2021 15:43,1.032091999
-73.916615,40.83876833,24-07-2021 15:43,1.032091999
-73.91665167,40.838705,24-07-2021 15:43,1.029928284
-73.916895,40.83842,24-07-2021 15:43,1.021273424
-73.916935,40.83837333,24-07-2021 15:43,1.021273424
-73.916975,40.83831833,24-07-2021 15:43,1.019109709
-73.91701833,40.83826,24-07-2021 15:43,1.019109709
-73.91710333,40.83816333,24-07-2021 15:43,1.019109709
-73.917135,40.83812833,24-07-2021 15:43,1.019109709
-73.91715833,40.8381,24-07-2021 15:43,1.019109709
-73.91334333,40.83107333,24-07-2021 15:56,1.024639203
-73.91336333,40.831035,24-07-2021 15:56,1.022475488
-73.913385,40.83101333,24-07-2021 15:56,1.022475488
-73.913445,40.830895,24-07-2021 15:57,1.022475488
-73.91346333,40.83085833,24-07-2021 15:57,1.022475488
-73.91348833,40.83082,24-07-2021 15:57,1.024639203
-73.91351667,40.83077833,24-07-2021 15:57,1.024639203
-73.91355,40.83073,24-07-2021 15:57,1.022475488
-73.91359833,40.83068,24-07-2021 15:57,1.022475488
-73.91380333,40.83036333,24-07-2021 15:57,1.020311773
-73.91383,40.83031,24-07-2021 15:57,1.020311773
-73.92854167,40.80894167,24-07-2021 15:12,1.04267016
-73.92848667,40.80900167,24-07-2021 15:12,1.04267016
-73.92836333,40.80914833,24-07-2021 15:12,1.036179016
-73.92830167,40.80923,24-07-2021 15:12,1.031851586
-73.92824,40.80931167,24-07-2021 15:12,1.031851586
-73.928175,40.809395,24-07-2021 15:12,1.029687871
-73.92805167,40.80956167,24-07-2021 15:12,1.029687871
-73.92799,40.80965,24-07-2021 15:12,1.023196726
-73.92792667,40.80973833,24-07-2021 15:12,1.023196726
-73.92785833,40.80984,24-07-2021 15:12,1.018869297
-73.92779,40.80993167,24-07-2021 15:12,1.018869297
-73.927665,40.81009,24-07-2021 15:12,1.021033011
-73.92724333,40.81074333,24-07-2021 15:13,1.025360441
-73.92722667,40.81076667,24-07-2021 15:13,1.025360441
-73.92719,40.81080833,24-07-2021 15:13,1.023196726
-73.92708833,40.81091667,24-07-2021 15:13,1.023196726
-73.92701833,40.810985,24-07-2021 15:13,1.023196726
-73.92694333,40.81104667,24-07-2021 15:13,1.023196726
-73.92659,40.81126833,24-07-2021 15:13,1.018989503
-73.92651667,40.81131667,24-07-2021 15:13,1.018989503
-73.92566667,40.8118,24-07-2021 15:13,1.018989503
-73.925565,40.81185167,24-07-2021 15:13,1.018989503
-73.92472167,40.81227833,24-07-2021 15:14,1.018989503
-73.92449667,40.81239667,24-07-2021 15:14,1.018989503
-73.92438333,40.81245833,24-07-2021 15:14,1.018989503
-73.924275,40.81252,24-07-2021 15:14,1.021153218
-73.92417,40.81257667,24-07-2021 15:14,1.021153218
-73.92406167,40.81263167,24-07-2021 15:14,1.018989503
-73.923955,40.81268667,24-07-2021 15:14,1.018989503
-73.92385167,40.81274,24-07-2021 15:14,1.018989503
-73.92376333,40.81277,24-07-2021 15:14,1.018989503
-73.921955,40.81371667,24-07-2021 15:15,1.019109709
-73.92186333,40.813765,24-07-2021 15:15,1.019109709
-73.921775,40.81381167,24-07-2021 15:15,1.019109709
-73.92168667,40.81385667,24-07-2021 15:15,1.021273424
-73.92159833,40.81390167,24-07-2021 15:15,1.021273424
-73.92151167,40.813945,24-07-2021 15:15,1.019109709
-73.921425,40.813985,24-07-2021 15:15,1.019109709
-73.92115167,40.81411,24-07-2021 15:15,1.021273424
-73.92106,40.81415833,24-07-2021 15:15,1.021273424
-73.92097,40.81421333,24-07-2021 15:15,1.019109709
-73.92088,40.814265,24-07-2021 15:15,1.019109709
-73.92070833,40.81436,24-07-2021 15:15,1.021273424
-73.92062833,40.814405,24-07-2021 15:15,1.021273424
-73.92055167,40.81444333,24-07-2021 15:15,1.021273424
-73.920485,40.81447667,24-07-2021 15:15,1.021273424
-73.92026167,40.81458,24-07-2021 15:15,1.019109709
-73.92016167,40.814625,24-07-2021 15:15,1.019109709
-73.92006,40.814675,24-07-2021 15:15,1.019109709
-73.91996,40.81472667,24-07-2021 15:15,1.019109709
-73.91955167,40.81494167,24-07-2021 15:16,1.019109709
-73.91949833,40.81497,24-07-2021 15:16,1.019109709
-73.91945833,40.81499,24-07-2021 15:16,1.019109709
-73.91942333,40.81500833,24-07-2021 15:16,1.019109709
-73.91930667,40.81507,24-07-2021 15:16,1.032212205
-73.91927167,40.81509,24-07-2021 15:16,1.032212205
-73.91919667,40.81512667,24-07-2021 15:16,1.03004849
-73.91915667,40.81514,24-07-2021 15:16,1.03004849
-73.91911333,40.81515167,24-07-2021 15:16,1.027884775
-73.91906333,40.81517333,24-07-2021 15:16,1.027884775
-73.91900833,40.81520167,24-07-2021 15:16,1.02572106
-73.91888667,40.81525333,24-07-2021 15:16,1.02572106
-73.918825,40.81528333,24-07-2021 15:16,1.02572106
-73.91875667,40.815315,24-07-2021 15:17,1.02572106
-73.91869333,40.81535,24-07-2021 15:17,1.02572106
-73.91863167,40.81538167,24-07-2021 15:17,1.023557345
-73.91856833,40.81542833,24-07-2021 15:17,1.023557345
-73.9185,40.81547167,24-07-2021 15:17,1.02572106
-73.91843667,40.81550333,24-07-2021 15:17,1.02572106
-73.91837333,40.81554167,24-07-2021 15:17,1.023557345
-73.91832333,40.81557833,24-07-2021 15:17,1.023557345
-73.91829333,40.81559833,24-07-2021 15:17,1.023557345
-73.91801167,40.815775,24-07-2021 15:19,1.036780047
-73.91796,40.81580833,24-07-2021 15:19,1.036780047
-73.91790167,40.81584167,24-07-2021 15:19,1.032452618
-73.917775,40.81591333,24-07-2021 15:19,1.032452618
-73.91772,40.81594167,24-07-2021 15:19,1.032452618
-73.91768,40.815965,24-07-2021 15:19,1.032452618
-73.917645,40.815985,24-07-2021 15:19,1.032452618
-73.91760667,40.81600833,24-07-2021 15:19,1.032452618
-73.91752167,40.81605833,24-07-2021 15:19,1.030288903
-73.917475,40.816085,24-07-2021 15:19,1.032452618
-73.91743333,40.81610667,24-07-2021 15:19,1.032452618
-73.91740333,40.816125,24-07-2021 15:19,1.032452618
-73.91737833,40.81614,24-07-2021 15:19,1.032452618
-73.91735333,40.81615667,24-07-2021 15:19,1.034616333
-73.91732167,40.81617333,24-07-2021 15:19,1.034616333
-73.91728,40.81619667,24-07-2021 15:19,1.034616333
-73.91722833,40.81622667,24-07-2021 15:19,1.034616333
-73.91716833,40.81626167,24-07-2021 15:19,1.032452618
-73.9171,40.81629667,24-07-2021 15:19,1.032452618
-73.91703167,40.81633667,24-07-2021 15:19,1.032452618
-73.91696333,40.81637667,24-07-2021 15:19,1.032452618
-73.916895,40.81640667,24-07-2021 15:19,1.036780047
-73.916765,40.81649833,24-07-2021 15:19,1.036780047
-73.91670667,40.81654333,24-07-2021 15:19,1.034616333
-73.91665,40.816585,24-07-2021 15:20,1.034616333
-73.9166,40.816625,24-07-2021 15:20,1.036780047
-73.9166,40.816625,24-07-2021 15:20,1.036780047
-73.91649167,40.81672,24-07-2021 15:20,1.034616333
-73.91646333,40.81674167,24-07-2021 15:20,1.034616333
-73.91644,40.81676167,24-07-2021 15:20,1.034616333
-73.91641667,40.81678333,24-07-2021 15:20,1.030288903
-73.91639167,40.81680667,24-07-2021 15:20,1.030288903
-73.916365,40.81682833,24-07-2021 15:20,1.030288903
-73.91634333,40.81685,24-07-2021 15:20,1.030288903
-73.91631667,40.816875,24-07-2021 15:20,1.032452618
-73.91628333,40.81690833,24-07-2021 15:20,1.032452618
-73.916235,40.81694833,24-07-2021 15:20,1.030288903
-73.91617667,40.81699333,24-07-2021 15:20,1.030288903
-73.916115,40.81704167,24-07-2021 15:20,1.032452618
-73.91605833,40.817085,24-07-2021 15:20,1.032452618
-73.916005,40.81712167,24-07-2021 15:20,1.032572824
-73.91591667,40.817195,24-07-2021 15:20,1.032572824
-73.91588,40.81723,24-07-2021 15:20,1.032572824
-73.91585167,40.81726667,24-07-2021 15:20,1.032572824
-73.91579833,40.81732667,24-07-2021 15:20,1.030409109
-73.91573,40.81742833,24-07-2021 15:21,1.039063969
-73.91569,40.81748667,24-07-2021 15:21,1.039063969
-73.915645,40.81753167,24-07-2021 15:21,1.032572824
-73.9156,40.81756833,24-07-2021 15:21,1.032572824
-73.915465,40.81765667,24-07-2021 15:21,1.036900254
-73.91539833,40.817695,24-07-2021 15:21,1.036900254
-73.91529,40.81778,24-07-2021 15:21,1.032572824
-73.91523833,40.81782,24-07-2021 15:21,1.034736539
-73.915195,40.81785667,24-07-2021 15:21,1.034736539
-73.91515167,40.81788833,24-07-2021 15:21,1.041227684
-73.91511,40.81792167,24-07-2021 15:21,1.041227684
-73.915055,40.817965,24-07-2021 15:21,1.036900254
-73.91500167,40.81801667,24-07-2021 15:21,1.036900254
-73.91495333,40.818065,24-07-2021 15:21,1.034736539
-73.91491,40.818105,24-07-2021 15:21,1.034856745
-73.91486667,40.818125,24-07-2021 15:21,1.03702046
-73.91469833,40.81827167,24-07-2021 15:21,1.04567532
-73.91464667,40.81832,24-07-2021 15:21,1.04567532
-73.91459667,40.81836333,24-07-2021 15:21,1.04567532
-73.91447167,40.81844833,24-07-2021 15:22,1.026201886
-73.91443167,40.81848333,24-07-2021 15:22,1.026201886
-73.91439167,40.81852333,24-07-2021 15:22,1.024038171
-73.91435,40.81856167,24-07-2021 15:22,1.024038171
-73.91431167,40.81859667,24-07-2021 15:22,1.021874456
-73.91427833,40.81862667,24-07-2021 15:22,1.021874456
-73.91425167,40.81865833,24-07-2021 15:22,1.019710741
-73.914215,40.818695,24-07-2021 15:22,1.019710741
-73.91416667,40.818745,24-07-2021 15:22,1.019710741
-73.914115,40.81880333,24-07-2021 15:22,1.019710741
-73.913395,40.81960833,24-07-2021 15:22,1.019710741
-73.91333167,40.81968667,24-07-2021 15:22,1.019710741
-73.91327,40.81976667,24-07-2021 15:22,1.019710741
-73.91320833,40.81984667,24-07-2021 15:22,1.019710741
-73.91314833,40.81992833,24-07-2021 15:22,1.021874456
-73.91308667,40.82001,24-07-2021 15:22,1.021874456
-73.91303333,40.82009,24-07-2021 15:22,1.026322092
-73.91298167,40.82017167,24-07-2021 15:22,1.026322092
-73.912935,40.82025333,24-07-2021 15:22,1.021994662
-73.91283333,40.82041667,24-07-2021 15:22,1.021994662
-73.91277833,40.8205,24-07-2021 15:23,1.026322092
-73.91272667,40.820585,24-07-2021 15:23,1.026322092
-73.912615,40.82074833,24-07-2021 15:23,1.021994662
-73.91255833,40.82083,24-07-2021 15:23,1.024158377
-73.91249833,40.82091333,24-07-2021 15:23,1.024158377
-73.91244333,40.820995,24-07-2021 15:23,1.026322092
-73.91239,40.821075,24-07-2021 15:23,1.026322092
-73.91234167,40.82115167,24-07-2021 15:23,1.024158377
-73.91229333,40.82122833,24-07-2021 15:23,1.024158377
-73.91224167,40.82131,24-07-2021 15:23,1.026322092
-73.91218833,40.82139,24-07-2021 15:23,1.026322092
-73.91213167,40.82146833,24-07-2021 15:23,1.024158377
-73.91207833,40.82154667,24-07-2021 15:23,1.024158377
-73.91203,40.82161833,24-07-2021 15:23,1.021994662
-73.91199167,40.821675,24-07-2021 15:23,1.021994662
-73.91196,40.82172,24-07-2021 15:23,1.024158377
-73.91193333,40.82175667,24-07-2021 15:23,1.024158377
-73.911925,40.82177833,24-07-2021 15:23,1.026322092
-73.911795,40.82189333,24-07-2021 15:23,1.026322092
-73.91178833,40.82189667,24-07-2021 15:23,1.041468096
-73.911665,40.82198,24-07-2021 15:24,1.037140667
-73.91158833,40.82201667,24-07-2021 15:24,1.037140667
-73.91151333,40.822045,24-07-2021 15:24,1.034976952
-73.91143667,40.82207,24-07-2021 15:24,1.034976952
-73.91136833,40.82209,24-07-2021 15:24,1.034976952
-73.91131,40.82210167,24-07-2021 15:24,1.034976952
-73.911225,40.82212,24-07-2021 15:24,1.032813237
-73.91118833,40.82212667,24-07-2021 15:24,1.037140667
-73.91115167,40.82213833,24-07-2021 15:24,1.037140667
-73.91111167,40.82214833,24-07-2021 15:24,1.037140667
-73.91106167,40.82216,24-07-2021 15:24,1.037140667
-73.91100167,40.82217167,24-07-2021 15:24,1.034976952
-73.91092667,40.82219,24-07-2021 15:24,1.035097158
-73.903815,40.82817,24-07-2021 15:26,1.02007136
-73.903765,40.82821333,24-07-2021 15:26,1.02007136
-73.90371,40.82826167,24-07-2021 15:26,1.02007136
-73.89769167,40.84403833,24-07-2021 15:38,1.023437139
-73.897605,40.84388667,24-07-2021 15:38,1.023437139
-73.89768333,40.84377667,24-07-2021 15:38,1.021273424
-73.897715,40.84368667,24-07-2021 15:38,1.021273424
-73.89777,40.84359167,24-07-2021 15:38,1.021273424
-73.89783,40.843495,24-07-2021 15:38,1.021273424
-73.898685,40.84178167,24-07-2021 15:39,1.021273424
-73.89870833,40.841735,24-07-2021 15:39,1.021273424
-73.89876,40.84166333,24-07-2021 15:39,1.019109709
-73.89878167,40.84163167,24-07-2021 15:39,1.023437139
-73.898825,40.84156,24-07-2021 15:39,1.021273424
-73.89884667,40.84151833,24-07-2021 15:39,1.021273424
-73.89887667,40.841475,24-07-2021 15:39,1.021273424
-73.89890667,40.84142667,24-07-2021 15:39,1.021273424
-73.89894333,40.84136833,24-07-2021 15:39,1.025600854
-73.89898667,40.841305,24-07-2021 15:39,1.025600854
-73.89903167,40.84124,24-07-2021 15:39,1.027764569
-73.89908,40.84117667,24-07-2021 15:39,1.027764569
-73.89912667,40.84111667,24-07-2021 15:39,1.027764569
-73.89917,40.84107,24-07-2021 15:39,1.027764569
-73.89925167,40.84102667,24-07-2021 15:39,1.027764569
-73.89929833,40.84102333,24-07-2021 15:39,1.027764569
-73.89936,40.84104667,24-07-2021 15:39,1.025600854
-73.89944,40.84107167,24-07-2021 15:39,1.025600854
-73.89953833,40.8411,24-07-2021 15:39,1.023437139
-73.89788333,40.8329,24-07-2021 15:45,1.024038171
-73.89792833,40.83287667,24-07-2021 15:45,1.021874456
-73.89798167,40.832845,24-07-2021 15:45,1.021874456
-73.89804333,40.83280667,24-07-2021 15:45,1.021874456
-73.89810667,40.83276167,24-07-2021 15:45,1.021874456
-73.89817333,40.83271167,24-07-2021 15:45,1.021874456
-73.89824,40.83266,24-07-2021 15:45,1.021874456
-73.89831167,40.83261,24-07-2021 15:45,1.021874456
-73.89838167,40.83255833,24-07-2021 15:45,1.021874456
-73.89845167,40.83250667,24-07-2021 15:45,1.019710741
-73.898525,40.83245333,24-07-2021 15:45,1.019710741
-73.89860333,40.83239667,24-07-2021 15:45,1.019710741
-73.89868,40.83233667,24-07-2021 15:45,1.019710741
-73.90603,40.83285333,24-07-2021 15:50,1.026682711
-73.90605833,40.832795,24-07-2021 15:50,1.022355282
-73.90609333,40.83273667,24-07-2021 15:50,1.022355282
-73.908105,40.82928833,24-07-2021 15:52,1.020311773
-73.908125,40.82925333,24-07-2021 15:52,1.020311773
-73.90829667,40.82889833,24-07-2021 15:52,1.022475488
-73.908305,40.82887833,24-07-2021 15:52,1.022475488
-73.90831667,40.828855,24-07-2021 15:52,1.022475488
-73.908345,40.82879667,24-07-2021 15:52,1.022475488
-73.908365,40.82876833,24-07-2021 15:52,1.028966633
-73.90838667,40.82874,24-07-2021 15:52,1.028966633
-73.90841167,40.82871167,24-07-2021 15:52,1.028966633
-73.90843,40.82867833,24-07-2021 15:52,1.028966633
-73.908485,40.82856667,24-07-2021 15:52,1.026802918
-73.908505,40.82853667,24-07-2021 15:52,1.026802918
-73.90856833,40.82845333,24-07-2021 15:52,1.026802918
-73.90858833,40.82843333,24-07-2021 15:52,1.026802918
-73.90860333,40.82841,24-07-2021 15:52,1.026802918
-73.908615,40.82838667,24-07-2021 15:52,1.026802918
-73.90863,40.82836833,24-07-2021 15:52,1.028966633
-73.908675,40.82826167,24-07-2021 15:52,1.022475488
-73.90973667,40.82435833,24-07-2021 15:54,1.029207045
-73.909655,40.82433,24-07-2021 15:54,1.03137076
-73.90952667,40.82428,24-07-2021 15:54,1.027043331
-73.90948333,40.824265,24-07-2021 15:54,1.027043331
-73.90931,40.82416667,24-07-2021 15:55,1.024879616
-73.90926667,40.82414833,24-07-2021 15:55,1.024879616
-73.90921167,40.82412667,24-07-2021 15:55,1.024879616
-73.90915167,40.824105,24-07-2021 15:55,1.024879616
-73.909085,40.824085,24-07-2021 15:55,1.024879616
-73.90902167,40.824065,24-07-2021 15:55,1.024879616
-73.91214833,40.81985167,24-07-2021 15:57,1.022956314
-73.91215,40.81981333,24-07-2021 15:57,1.022956314
-73.91213833,40.81977833,24-07-2021 15:57,1.020792599
-73.9121,40.81975,24-07-2021 15:57,1.020792599
-73.897175,40.81670667,24-07-2021 15:13,1.020191567
-73.89720833,40.81673833,24-07-2021 15:13,1.020191567
-73.89315833,40.81921833,24-07-2021 15:18,1.022836107
-73.893125,40.81925,24-07-2021 15:18,1.022836107
-73.89172167,40.82345167,24-07-2021 15:21,1.02307652
-73.89172167,40.823495,24-07-2021 15:21,1.02307652
-73.89172333,40.82354167,24-07-2021 15:21,1.020912805
-73.891725,40.82359167,24-07-2021 15:21,1.020912805
-73.89172833,40.82364,24-07-2021 15:21,1.02740395
-73.89173,40.82368333,24-07-2021 15:21,1.02740395
-73.89173167,40.82372333,24-07-2021 15:21,1.02740395
-73.891745,40.82379333,24-07-2021 15:21,1.02740395
-73.89175,40.82382333,24-07-2021 15:21,1.02740395
-73.89175667,40.823855,24-07-2021 15:21,1.02740395
-73.89176333,40.82389167,24-07-2021 15:21,1.025240235
-73.891765,40.82393,24-07-2021 15:21,1.025240235
-73.89177,40.82396667,24-07-2021 15:21,1.031731379
-73.89177333,40.82400833,24-07-2021 15:21,1.031731379
-73.89178,40.82411,24-07-2021 15:21,1.02740395
-73.89178333,40.82416333,24-07-2021 15:21,1.031731379
-73.89179,40.82421667,24-07-2021 15:21,1.031731379
-73.891795,40.82427,24-07-2021 15:21,1.031731379
-73.891795,40.82432,24-07-2021 15:21,1.031731379
-73.89179167,40.82436833,24-07-2021 15:21,1.025240235
-73.89179,40.82441667,24-07-2021 15:21,1.025240235
-73.89179,40.824465,24-07-2021 15:21,1.02307652
-73.89179,40.824515,24-07-2021 15:21,1.023196726
-73.89178333,40.82457,24-07-2021 15:21,1.025360441
-73.89177333,40.82461667,24-07-2021 15:21,1.025360441
-73.89173833,40.82465333,24-07-2021 15:21,1.023196726
-73.89169167,40.82468833,24-07-2021 15:21,1.023196726
-73.891635,40.82471,24-07-2021 15:21,1.021033011
-73.89158167,40.82472833,24-07-2021 15:21,1.021033011
-73.89153833,40.82474667,24-07-2021 15:21,1.023196726
-73.89146333,40.82481833,24-07-2021 15:22,1.031851586
-73.89140667,40.82483833,24-07-2021 15:22,1.029687871
-73.89134,40.82487,24-07-2021 15:22,1.029687871
-73.89126833,40.82489833,24-07-2021 15:22,1.031851586
-73.89119,40.82493833,24-07-2021 15:22,1.031851586
-73.89111167,40.82498333,24-07-2021 15:22,1.029687871
-73.89103333,40.82503167,24-07-2021 15:22,1.029687871
-73.89095167,40.82507333,24-07-2021 15:22,1.025360441
-73.89086167,40.82511333,24-07-2021 15:22,1.025360441
-73.89076167,40.825165,24-07-2021 15:22,1.021033011
-73.89065667,40.82522833,24-07-2021 15:22,1.021033011
-73.890555,40.82528667,24-07-2021 15:22,1.018869297
-73.89034667,40.82541,24-07-2021 15:22,1.018869297
-73.89023833,40.82546667,24-07-2021 15:22,1.018869297
-73.89013167,40.82552167,24-07-2021 15:22,1.018869297
-73.88878333,40.82164667,24-07-2021 15:24,1.021153218
-73.888835,40.82161,24-07-2021 15:24,1.021153218
-73.88888167,40.82158,24-07-2021 15:24,1.021153218
-73.88892167,40.821555,24-07-2021 15:24,1.021273424
-73.88894833,40.82153667,24-07-2021 15:24,1.021273424
-73.88897167,40.82152167,24-07-2021 15:24,1.021273424
-73.88899167,40.82151,24-07-2021 15:24,1.023437139
-73.88913167,40.82143,24-07-2021 15:24,1.027764569
-73.88917167,40.82140333,24-07-2021 15:24,1.027764569
-73.88922167,40.82137167,24-07-2021 15:24,1.034255713
-73.889325,40.82130667,24-07-2021 15:24,1.034255713
-73.88936667,40.82127833,24-07-2021 15:24,1.034255713
-73.889405,40.82125333,24-07-2021 15:24,1.042910573
-73.889435,40.82123167,24-07-2021 15:24,1.042910573
-73.88945667,40.821215,24-07-2021 15:24,1.042910573
-73.89132167,40.81974667,24-07-2021 15:26,1.043030779
-73.891435,40.81970667,24-07-2021 15:27,1.034496126
-73.891465,40.81969,24-07-2021 15:27,1.032332411
-73.89152167,40.819655,24-07-2021 15:27,1.028004982
-73.89154333,40.81963667,24-07-2021 15:27,1.028004982
-73.89170167,40.81952667,24-07-2021 15:27,1.034496126
-73.89173667,40.819485,24-07-2021 15:27,1.025841267
-73.89177833,40.81944833,24-07-2021 15:27,1.025841267
-73.89181333,40.81941667,24-07-2021 15:27,1.032332411
-73.89184167,40.81939167,24-07-2021 15:27,1.032332411
-73.89187833,40.81935333,24-07-2021 15:27,1.028004982
-73.89189833,40.81933167,24-07-2021 15:27,1.028004982
-73.89193667,40.819295,24-07-2021 15:27,1.021513837
-73.891975,40.819255,24-07-2021 15:27,1.021513837
-73.892025,40.81921,24-07-2021 15:27,1.021513837
-73.89207333,40.81916667,24-07-2021 15:27,1.021513837
-73.89211833,40.81912167,24-07-2021 15:27,1.034496126
-73.89220667,40.81902833,24-07-2021 15:27,1.038823556
-73.892255,40.81897333,24-07-2021 15:27,1.038823556
-73.89231,40.81891,24-07-2021 15:27,1.036659841
-73.89237167,40.81883667,24-07-2021 15:27,1.036659841
-73.89243333,40.81876667,24-07-2021 15:27,1.032332411
-73.89249667,40.81869667,24-07-2021 15:28,1.032332411
-73.89255833,40.818625,24-07-2021 15:28,1.036659841
-73.89262167,40.81855,24-07-2021 15:28,1.036659841
-73.89268667,40.818475,24-07-2021 15:28,1.028004982
-73.89273833,40.81841333,24-07-2021 15:28,1.028004982
-73.89278333,40.81835833,24-07-2021 15:28,1.028004982
-73.89282333,40.81831167,24-07-2021 15:28,1.028004982
-73.89285167,40.81827667,24-07-2021 15:28,1.028004982
-73.89287,40.81825167,24-07-2021 15:28,1.028004982
-73.89295167,40.81814,24-07-2021 15:28,1.034496126
-73.893,40.81809,24-07-2021 15:28,1.028125188
-73.89302667,40.81806333,24-07-2021 15:28,1.028125188
-73.893055,40.818035,24-07-2021 15:28,1.032452618
-73.89308333,40.81800833,24-07-2021 15:28,1.032452618
-73.89311833,40.81797833,24-07-2021 15:28,1.032452618
-73.89315333,40.81794667,24-07-2021 15:28,1.032452618
-73.89318333,40.817915,24-07-2021 15:28,1.030288903
-73.89320833,40.81788,24-07-2021 15:28,1.030288903
-73.89322167,40.81784167,24-07-2021 15:28,1.034616333
-73.89321667,40.81780333,24-07-2021 15:28,1.034616333
-73.89319667,40.81776167,24-07-2021 15:28,1.025961473
-73.89317333,40.81770833,24-07-2021 15:28,1.025961473
-73.89313333,40.81766833,24-07-2021 15:28,1.028125188
-73.89308167,40.817635,24-07-2021 15:28,1.028125188
-73.893025,40.81760333,24-07-2021 15:28,1.019470328
-73.89296667,40.817565,24-07-2021 15:28,1.019470328
-73.89291,40.81752,24-07-2021 15:28,1.021634043
-73.89286,40.81748667,24-07-2021 15:28,1.021634043
-73.89271333,40.81738167,24-07-2021 15:28,1.021634043
-73.89265667,40.81734333,24-07-2021 15:28,1.021634043
-73.89247667,40.817235,24-07-2021 15:28,1.021634043
-73.89244833,40.81722167,24-07-2021 15:28,1.021634043
-73.89235167,40.81715333,24-07-2021 15:29,1.030288903
-73.8923,40.817115,24-07-2021 15:29,1.030288903
-73.89224333,40.81707167,24-07-2021 15:29,1.021634043
-73.89218667,40.817015,24-07-2021 15:29,1.021634043
-73.89214,40.81695,24-07-2021 15:29,1.023797758
-73.89210167,40.816885,24-07-2021 15:29,1.023797758
-73.89207167,40.81683167,24-07-2021 15:29,1.019470328
-73.89205,40.81678833,24-07-2021 15:29,1.019470328
-73.89203333,40.81675667,24-07-2021 15:29,1.021634043
-73.89190833,40.81647833,24-07-2021 15:29,1.019470328
-73.89188667,40.81640167,24-07-2021 15:29,1.019470328
-73.89165667,40.81558333,24-07-2021 15:29,1.019470328
-73.89163167,40.815485,24-07-2021 15:29,1.019470328
-73.8914,40.81452,24-07-2021 15:29,1.02175425
-73.89138333,40.81444333,24-07-2021 15:29,1.02175425
-73.89137833,40.81441833,24-07-2021 15:29,1.023917965
-73.89137,40.81440333,24-07-2021 15:29,1.023917965
-73.89133167,40.814355,24-07-2021 15:30,1.023917965
-73.89132167,40.81432167,24-07-2021 15:30,1.023917965
-73.89128667,40.81419167,24-07-2021 15:30,1.030409109
-73.891275,40.81414667,24-07-2021 15:30,1.030409109
-73.891265,40.8141,24-07-2021 15:30,1.032572824
-73.89125333,40.81405167,24-07-2021 15:30,1.032572824
-73.89124167,40.814,24-07-2021 15:30,1.023917965
-73.89123167,40.81395167,24-07-2021 15:30,1.023917965
-73.89122167,40.81391167,24-07-2021 15:30,1.028245394
-73.89120667,40.81387667,24-07-2021 15:30,1.028245394
-73.89118833,40.81384667,24-07-2021 15:30,1.030409109
-73.891165,40.81381667,24-07-2021 15:30,1.030409109
-73.89112,40.813795,24-07-2021 15:30,1.028245394
-73.89104833,40.81378333,24-07-2021 15:30,1.028245394
-73.890965,40.813785,24-07-2021 15:30,1.02175425
-73.89087833,40.81379333,24-07-2021 15:30,1.02175425
-73.89078833,40.81380167,24-07-2021 15:30,1.023917965
-73.89058167,40.813825,24-07-2021 15:30,1.023917965
-73.890215,40.81386667,24-07-2021 15:30,1.023917965
-73.89010167,40.813885,24-07-2021 15:30,1.023917965
-73.88988833,40.81391333,24-07-2021 15:30,1.02175425
-73.889525,40.81392333,24-07-2021 15:30,1.02175425
-73.88944,40.81392167,24-07-2021 15:30,1.02175425
-73.88677333,40.81208667,24-07-2021 15:32,1.019830948
-73.88670333,40.81208167,24-07-2021 15:32,1.019830948
-73.88662,40.812085,24-07-2021 15:32,1.024158377
-73.88651833,40.81209333,24-07-2021 15:32,1.024158377
-73.88641,40.81210667,24-07-2021 15:32,1.019830948
-73.886295,40.81211833,24-07-2021 15:32,1.019830948
-73.88617667,40.81213167,24-07-2021 15:32,1.019830948
-73.88606167,40.812145,24-07-2021 15:32,1.019830948
-73.88520667,40.81315833,24-07-2021 15:33,1.019830948
-73.88522833,40.813235,24-07-2021 15:33,1.019830948
-73.88524333,40.81330167,24-07-2021 15:33,1.019830948
-73.88525333,40.81335667,24-07-2021 15:33,1.019830948
-73.88784333,40.81662833,24-07-2021 15:34,1.024278584
-73.88630167,40.821135,24-07-2021 15:36,1.02007136
-73.88619167,40.82115833,24-07-2021 15:36,1.02007136
-73.88585667,40.821205,24-07-2021 15:36,1.020191567
-73.88575,40.82122,24-07-2021 15:36,1.020191567
-73.88565167,40.82122833,24-07-2021 15:36,1.020191567
-73.88556,40.82123,24-07-2021 15:36,1.020191567
-73.91038333,40.80567167,24-07-2021 15:56,1.019830948
-73.910395,40.80566333,24-07-2021 15:56,1.019830948
-73.91046167,40.805645,24-07-2021 15:57,1.039304382
-73.91053167,40.80562167,24-07-2021 15:57,1.041468096
-73.91061833,40.805585,24-07-2021 15:57,1.041468096
-73.91072,40.80554,24-07-2021 15:57,1.041468096
-73.91083167,40.80549333,24-07-2021 15:57,1.041468096
-73.91094833,40.80544167,24-07-2021 15:57,1.032813237
-73.91116667,40.80534,24-07-2021 15:57,1.030649522
-73.91135167,40.80525,24-07-2021 15:57,1.026322092
-73.91143333,40.80521333,24-07-2021 15:57,1.026322092
-73.911515,40.80517833,24-07-2021 15:57,1.021994662
-73.91160167,40.805145,24-07-2021 15:57,1.021994662
-73.91168833,40.80511333,24-07-2021 15:57,1.022114869
-73.91176833,40.805085,24-07-2021 15:57,1.022114869
-73.91183,40.80505167,24-07-2021 15:57,1.022114869
-73.91189333,40.80502167,24-07-2021 15:57,1.022114869
-73.91196333,40.804995,24-07-2021 15:57,1.026442299
-73.91203667,40.80496667,24-07-2021 15:57,1.026442299
-73.912115,40.80492667,24-07-2021 15:57,1.037260873
-73.96324333,40.79856,24-07-2021 15:24,1.020792599
-73.96333333,40.79859167,24-07-2021 15:24,1.020792599
-73.96584,40.80861333,24-07-2021 15:29,1.019109709
-73.965775,40.80863833,24-07-2021 15:29,1.019109709
-73.95308667,40.80337333,24-07-2021 15:40,1.02007136
-73.95302833,40.80334667,24-07-2021 15:40,1.02007136
-73.95297333,40.80331333,24-07-2021 15:40,1.026562505
-73.95291,40.803285,24-07-2021 15:40,1.026562505
-73.95285,40.80325667,24-07-2021 15:40,1.02007136
-73.95279333,40.80323167,24-07-2021 15:40,1.02007136
-73.95271333,40.80319833,24-07-2021 15:40,1.02007136
-73.952535,40.80318,24-07-2021 15:40,1.02007136
-73.95245,40.80322167,24-07-2021 15:40,1.022235075
-73.95241833,40.80325333,24-07-2021 15:40,1.022235075
-73.95201833,40.80375833,24-07-2021 15:40,1.02439879
-73.951965,40.80381,24-07-2021 15:40,1.02439879
-73.95191,40.80387333,24-07-2021 15:40,1.02007136
-73.95185333,40.80394167,24-07-2021 15:40,1.02007136
-73.95166833,40.80418167,24-07-2021 15:40,1.02007136
-73.951595,40.80426833,24-07-2021 15:40,1.02007136
-73.94209667,40.80367667,24-07-2021 15:51,1.021033011
-73.94204667,40.80373833,24-07-2021 15:51,1.021033011
-73.94191667,40.80391833,24-07-2021 15:51,1.021033011
-73.94188,40.80397667,24-07-2021 15:51,1.021033011
-73.94178333,40.80412167,24-07-2021 15:51,1.018869297
-73.941755,40.80416,24-07-2021 15:51,1.018869297
-73.94173167,40.80419333,24-07-2021 15:51,1.021033011
-73.94171,40.804225,24-07-2021 15:51,1.021033011
-73.94163833,40.80432333,24-07-2021 15:51,1.021033011
-73.94161667,40.80435667,24-07-2021 15:51,1.021033011
-73.94158833,40.80439333,24-07-2021 15:51,1.029687871
-73.94155833,40.804435,24-07-2021 15:51,1.029687871
-73.941525,40.80447667,24-07-2021 15:51,1.025360441
-73.94149833,40.80451667,24-07-2021 15:51,1.025360441
-73.94146833,40.80455667,24-07-2021 15:51,1.025360441
-73.94143833,40.8046,24-07-2021 15:51,1.025360441
-73.94141,40.80464167,24-07-2021 15:51,1.025360441
-73.94122,40.804885,24-07-2021 15:51,1.025480648
-73.94118167,40.80492167,24-07-2021 15:51,1.025480648
-73.94114667,40.80495833,24-07-2021 15:51,1.025480648
-73.94110667,40.804985,24-07-2021 15:51,1.025480648
-73.94106167,40.805,24-07-2021 15:51,1.021153218
-73.94101,40.80499833,24-07-2021 15:51,1.021153218
-73.94095,40.80498167,24-07-2021 15:51,1.025480648
-73.94088667,40.80495,24-07-2021 15:51,1.025480648
-73.940815,40.80491167,24-07-2021 15:51,1.021153218
-73.94073167,40.80487,24-07-2021 15:51,1.021153218
-73.93811167,40.80370667,24-07-2021 15:53,1.019109709
-73.93807,40.803675,24-07-2021 15:53,1.019109709
-73.93804667,40.80363833,24-07-2021 15:53,1.021273424
-73.93804167,40.80360333,24-07-2021 15:53,1.021273424
-73.93822,40.80333833,24-07-2021 15:54,1.021273424
-73.93824667,40.80328667,24-07-2021 15:54,1.021273424
-73.938345,40.80315,24-07-2021 15:54,1.02572106
-73.93839333,40.803095,24-07-2021 15:54,1.02572106
-73.93844167,40.803035,24-07-2021 15:54,1.019229916
-73.93849333,40.80296667,24-07-2021 15:54,1.019229916
-73.92811333,40.85670167,24-07-2021 15:22,1.04267016
-73.928145,40.856725,24-07-2021 15:22,1.040506445
-73.928175,40.85675333,24-07-2021 15:22,1.040506445
-73.92819833,40.85679167,24-07-2021 15:22,1.03834273
-73.92821333,40.85683667,24-07-2021 15:22,1.03834273
-73.92822667,40.85688833,24-07-2021 15:22,1.04267016
-73.928225,40.85699667,24-07-2021 15:22,1.04267016
-73.928225,40.857045,24-07-2021 15:22,1.040506445
-73.92823833,40.85709,24-07-2021 15:22,1.040506445
-73.92827,40.85713333,24-07-2021 15:22,1.036179016
-73.92831833,40.857175,24-07-2021 15:22,1.036179016
-73.92838667,40.85720833,24-07-2021 15:22,1.034015301
-73.92856,40.857275,24-07-2021 15:22,1.031851586
-73.92864667,40.85731,24-07-2021 15:22,1.031851586
-73.92872833,40.857345,24-07-2021 15:22,1.031851586
-73.92881167,40.85737167,24-07-2021 15:22,1.031851586
-73.92888833,40.85739167,24-07-2021 15:22,1.025360441
-73.92895833,40.857415,24-07-2021 15:22,1.025360441
-73.92902667,40.85743167,24-07-2021 15:22,1.021033011
-73.92909667,40.85744333,24-07-2021 15:22,1.021033011
-73.92917333,40.85743833,24-07-2021 15:22,1.018869297
-73.929235,40.85745833,24-07-2021 15:22,1.018869297
-73.92978333,40.85748333,24-07-2021 15:23,1.021033011
-73.92983833,40.85748667,24-07-2021 15:23,1.021033011
-73.92989667,40.85749167,24-07-2021 15:23,1.018869297
-73.92996167,40.857495,24-07-2021 15:23,1.018869297
-73.93003,40.85749667,24-07-2021 15:23,1.018869297
-73.93011833,40.85749,24-07-2021 15:23,1.018869297
-73.93021833,40.857465,24-07-2021 15:23,1.025360441
-73.93031667,40.857455,24-07-2021 15:23,1.025480648
-73.93041167,40.857445,24-07-2021 15:23,1.025480648
-73.93050667,40.85743,24-07-2021 15:23,1.025480648
-73.93059667,40.85740833,24-07-2021 15:23,1.025480648
-73.93068833,40.85738333,24-07-2021 15:23,1.025480648
-73.93078167,40.85735,24-07-2021 15:23,1.023316933
-73.930875,40.85730667,24-07-2021 15:23,1.023316933
-73.93097,40.85726333,24-07-2021 15:23,1.025480648
-73.93105167,40.85722,24-07-2021 15:23,1.025480648
-73.93112,40.85717833,24-07-2021 15:23,1.023316933
-73.93118333,40.85714167,24-07-2021 15:23,1.023316933
-73.93126333,40.85712333,24-07-2021 15:23,1.023316933
-73.93128667,40.857125,24-07-2021 15:23,1.023316933
-73.93130333,40.85713333,24-07-2021 15:23,1.025480648
-73.93129667,40.85725833,24-07-2021 15:24,1.034135507
-73.93125667,40.85730333,24-07-2021 15:24,1.034135507
-73.93122667,40.85735333,24-07-2021 15:24,1.031971792
-73.93119167,40.857405,24-07-2021 15:24,1.031971792
-73.93111667,40.85748833,24-07-2021 15:24,1.031971792
-73.93108333,40.857495,24-07-2021 15:24,1.031971792
-73.93105667,40.857525,24-07-2021 15:24,1.031971792
-73.931035,40.85756833,24-07-2021 15:24,1.029808077
-73.930985,40.85766833,24-07-2021 15:24,1.029808077
-73.930955,40.85771,24-07-2021 15:24,1.029808077
-73.93093167,40.85775333,24-07-2021 15:24,1.029808077
-73.93089333,40.85778667,24-07-2021 15:24,1.029808077
-73.93089167,40.85786833,24-07-2021 15:24,1.027644362
-73.930925,40.85789833,24-07-2021 15:24,1.027644362
-73.93097833,40.85792833,24-07-2021 15:24,1.027644362
-73.93104,40.85795,24-07-2021 15:24,1.021153218
-73.93111833,40.85797,24-07-2021 15:24,1.021153218
-73.93120833,40.857995,24-07-2021 15:24,1.021153218
-73.93129667,40.85801833,24-07-2021 15:24,1.021153218
-73.93137667,40.85804167,24-07-2021 15:24,1.025480648
-73.93144167,40.85805833,24-07-2021 15:24,1.025600854
-73.93149,40.85807167,24-07-2021 15:24,1.019109709
-73.93158,40.858165,24-07-2021 15:24,1.019109709
-73.93160833,40.85819667,24-07-2021 15:24,1.019109709
-73.93164333,40.85821167,24-07-2021 15:24,1.019109709
-73.93167833,40.85822333,24-07-2021 15:24,1.019109709
-73.931695,40.85824167,24-07-2021 15:25,1.019109709
-73.93169333,40.85827333,24-07-2021 15:25,1.019109709
-73.93168,40.85831833,24-07-2021 15:25,1.019109709
-73.93136667,40.85893667,24-07-2021 15:25,1.021273424
-73.931355,40.85897667,24-07-2021 15:25,1.021273424
-73.93133833,40.85902333,24-07-2021 15:25,1.021273424
-73.931325,40.85907,24-07-2021 15:25,1.021273424
-73.93131167,40.85910833,24-07-2021 15:25,1.019229916
-73.93130333,40.85913833,24-07-2021 15:25,1.019229916
-73.931345,40.85925333,24-07-2021 15:26,1.02572106
-73.93139167,40.85928333,24-07-2021 15:26,1.02572106
-73.93149667,40.859335,24-07-2021 15:26,1.02572106
-73.93152833,40.85935167,24-07-2021 15:26,1.02572106
-73.93155167,40.85936167,24-07-2021 15:26,1.027884775
-73.93171,40.8594,24-07-2021 15:26,1.023557345
-73.93177333,40.85942167,24-07-2021 15:26,1.02572106
-73.93184667,40.85944,24-07-2021 15:26,1.02572106
-73.93192,40.85946167,24-07-2021 15:26,1.02572106
-73.93205667,40.85949667,24-07-2021 15:26,1.021393631
-73.93213167,40.859495,24-07-2021 15:26,1.021393631
-73.93220167,40.85948167,24-07-2021 15:26,1.02572106
-73.932255,40.85944833,24-07-2021 15:26,1.02572106
-73.93233167,40.85935833,24-07-2021 15:26,1.019229916
-73.932425,40.85918333,24-07-2021 15:26,1.023557345
-73.93245833,40.85912333,24-07-2021 15:26,1.023557345
-73.93236,40.85800833,24-07-2021 15:27,1.023677552
-73.93232833,40.85798833,24-07-2021 15:27,1.023677552
-73.93229,40.85796667,24-07-2021 15:27,1.021513837
-73.93226333,40.857935,24-07-2021 15:27,1.021513837
-73.93225,40.85789667,24-07-2021 15:27,1.023677552
-73.93225,40.85785833,24-07-2021 15:27,1.023677552
-73.93226167,40.85781167,24-07-2021 15:27,1.025841267
-73.93228,40.85775167,24-07-2021 15:27,1.025841267
-73.93230333,40.85768333,24-07-2021 15:27,1.023677552
-73.932335,40.85761,24-07-2021 15:28,1.023677552
-73.93237167,40.85753333,24-07-2021 15:28,1.025841267
-73.93240333,40.857455,24-07-2021 15:28,1.025841267
-73.93244167,40.85737667,24-07-2021 15:28,1.021513837
-73.93247667,40.85729833,24-07-2021 15:28,1.021513837
-73.93250667,40.85722,24-07-2021 15:28,1.023677552
-73.93256,40.85707333,24-07-2021 15:28,1.023677552
-73.93258833,40.85700833,24-07-2021 15:28,1.025841267
-73.932615,40.85695167,24-07-2021 15:28,1.025841267
-73.93263833,40.85690667,24-07-2021 15:28,1.021513837
-73.932655,40.85687333,24-07-2021 15:28,1.021513837
-73.93266,40.85685333,24-07-2021 15:28,1.021513837
-73.93278,40.856825,24-07-2021 15:28,1.036780047
-73.9328,40.85677667,24-07-2021 15:28,1.038943762
-73.932805,40.85670667,24-07-2021 15:28,1.038943762
-73.93280667,40.85662,24-07-2021 15:28,1.036780047
-73.93283167,40.85653333,24-07-2021 15:28,1.036780047
-73.93286667,40.85644667,24-07-2021 15:28,1.034616333
-73.93293833,40.85628,24-07-2021 15:28,1.034616333
-73.93297,40.85620667,24-07-2021 15:28,1.032452618
-73.93299833,40.85613833,24-07-2021 15:28,1.032452618
-73.93301833,40.85607833,24-07-2021 15:28,1.030288903
-73.933035,40.85603167,24-07-2021 15:28,1.030288903
-73.93304833,40.85599667,24-07-2021 15:28,1.032452618
-73.93305667,40.855975,24-07-2021 15:28,1.032452618
-73.93305667,40.85596,24-07-2021 15:28,1.034616333
-73.93308,40.855925,24-07-2021 15:28,1.034616333
-73.93312833,40.85582833,24-07-2021 15:29,1.034616333
-73.93315,40.85577833,24-07-2021 15:29,1.034616333
-73.93317333,40.85572167,24-07-2021 15:29,1.034616333
-73.93319833,40.85565833,24-07-2021 15:29,1.036780047
-73.93322667,40.85559667,24-07-2021 15:29,1.036780047
-73.93325333,40.85553667,24-07-2021 15:29,1.041107477
-73.93327333,40.85548,24-07-2021 15:29,1.041107477
-73.93329333,40.85542667,24-07-2021 15:29,1.043271192
-73.93332167,40.85537167,24-07-2021 15:29,1.043271192
-73.93334833,40.85530833,24-07-2021 15:29,1.043271192
-73.93337333,40.85523833,24-07-2021 15:29,1.043271192
-73.933585,40.85466,24-07-2021 15:29,1.045434907
-73.93361333,40.85457833,24-07-2021 15:29,1.045434907
-73.93373667,40.85432333,24-07-2021 15:29,1.045434907
-73.93374833,40.85430167,24-07-2021 15:29,1.045434907
-73.93458833,40.85452333,24-07-2021 15:30,1.043391399
-73.93464667,40.85454167,24-07-2021 15:30,1.043391399
-73.93472,40.85456167,24-07-2021 15:30,1.041227684
-73.93480333,40.85458167,24-07-2021 15:30,1.041227684
-73.93489333,40.85460167,24-07-2021 15:30,1.034736539
-73.93498833,40.854625,24-07-2021 15:30,1.034736539
-73.93507,40.85464833,24-07-2021 15:30,1.036900254
-73.93514333,40.854675,24-07-2021 15:30,1.036900254
-73.93519333,40.85469333,24-07-2021 15:30,1.034736539
-73.93522667,40.854705,24-07-2021 15:30,1.034736539
-73.935255,40.85471833,24-07-2021 15:30,1.030409109
-73.93529333,40.85473167,24-07-2021 15:30,1.030409109
-73.93534667,40.85474667,24-07-2021 15:30,1.032572824
-73.93541333,40.85476333,24-07-2021 15:30,1.032572824
-73.935485,40.854795,24-07-2021 15:30,1.028245394
-73.93556333,40.85481667,24-07-2021 15:30,1.028245394
-73.935635,40.85484333,24-07-2021 15:30,1.028245394
-73.93569667,40.854865,24-07-2021 15:30,1.028245394
-73.93574667,40.85489,24-07-2021 15:30,1.026081679
-73.935785,40.85491167,24-07-2021 15:30,1.026081679
-73.93581333,40.85492833,24-07-2021 15:30,1.026081679
-73.93585,40.85494667,24-07-2021 15:30,1.026081679
-73.93591333,40.85500167,24-07-2021 15:30,1.028245394
-73.935925,40.85502833,24-07-2021 15:30,1.02175425
-73.93592167,40.855055,24-07-2021 15:30,1.02175425
-73.93588333,40.85515667,24-07-2021 15:30,1.026081679
-73.93585333,40.855245,24-07-2021 15:30,1.023917965
-73.93583333,40.85529333,24-07-2021 15:30,1.023917965
-73.93581333,40.85533833,24-07-2021 15:31,1.02175425
-73.93579167,40.855375,24-07-2021 15:31,1.02175425
-73.935775,40.85540833,24-07-2021 15:31,1.02175425
-73.935755,40.85544,24-07-2021 15:31,1.021874456
-73.93573167,40.85547333,24-07-2021 15:31,1.019710741
-73.93570167,40.85552167,24-07-2021 15:31,1.019710741
-73.935385,40.857175,24-07-2021 15:32,1.030649522
-73.93540333,40.85719833,24-07-2021 15:32,1.030649522
-73.93543667,40.85721333,24-07-2021 15:32,1.032813237
-73.93549,40.857215,24-07-2021 15:32,1.032813237
-73.93555,40.85720167,24-07-2021 15:32,1.032813237
-73.93561333,40.85716167,24-07-2021 15:32,1.032813237
-73.93566667,40.85710833,24-07-2021 15:32,1.028485807
-73.93571167,40.85705167,24-07-2021 15:32,1.028485807
-73.93574667,40.85699167,24-07-2021 15:32,1.024158377
-73.93580333,40.85693833,24-07-2021 15:32,1.024158377
-73.935855,40.85688333,24-07-2021 15:32,1.019830948
-73.93590167,40.85683,24-07-2021 15:32,1.019830948
-73.93595333,40.85677667,24-07-2021 15:32,1.019830948
-73.93601667,40.85672167,24-07-2021 15:32,1.019830948
-73.93608,40.85665833,24-07-2021 15:32,1.019830948
-73.93613833,40.85658167,24-07-2021 15:32,1.019830948
-73.93619667,40.8565,24-07-2021 15:32,1.021994662
-73.93626,40.856415,24-07-2021 15:32,1.021994662
-73.93632333,40.85633,24-07-2021 15:32,1.021994662
-73.93637833,40.856245,24-07-2021 15:32,1.021994662
-73.93643333,40.85616333,24-07-2021 15:32,1.021994662
-73.93648833,40.85608333,24-07-2021 15:32,1.021994662
-73.93653833,40.85601,24-07-2021 15:32,1.024158377
-73.93659,40.85594333,24-07-2021 15:32,1.024158377
-73.93662667,40.85588667,24-07-2021 15:32,1.024158377
-73.93666333,40.85583333,24-07-2021 15:32,1.024158377
-73.9367,40.85578667,24-07-2021 15:32,1.028485807
-73.93675667,40.85570833,24-07-2021 15:32,1.028485807
-73.93677167,40.85567667,24-07-2021 15:32,1.021994662
-73.93678167,40.85565333,24-07-2021 15:32,1.021994662
-73.93678,40.85563833,24-07-2021 15:32,1.021994662
-73.93677333,40.85560167,24-07-2021 15:33,1.024158377
-73.93677,40.855565,24-07-2021 15:33,1.024158377
-73.936775,40.85552167,24-07-2021 15:33,1.019830948
-73.93679,40.85547,24-07-2021 15:33,1.019830948
-73.93681167,40.855415,24-07-2021 15:33,1.026322092
-73.93683333,40.855365,24-07-2021 15:33,1.026322092
-73.936855,40.855325,24-07-2021 15:33,1.021994662
-73.93687333,40.85529667,24-07-2021 15:33,1.021994662
-73.93689333,40.85527,24-07-2021 15:33,1.021994662
-73.93691333,40.855235,24-07-2021 15:33,1.021994662
-73.93694167,40.85518833,24-07-2021 15:33,1.026322092
-73.93696833,40.85512833,24-07-2021 15:33,1.026322092
-73.93699833,40.85505333,24-07-2021 15:33,1.024158377
-73.93702667,40.85498167,24-07-2021 15:33,1.024158377
-73.937045,40.85492,24-07-2021 15:33,1.021994662
-73.93706167,40.85487167,24-07-2021 15:33,1.021994662
-73.93712167,40.854615,24-07-2021 15:34,1.019951154
-73.93713167,40.85459167,24-07-2021 15:34,1.019951154
-73.93732,40.85368667,24-07-2021 15:43,1.027283743
-73.93733,40.853655,24-07-2021 15:43,1.027283743
-73.937515,40.85339667,24-07-2021 15:55,1.019710741
-73.937565,40.85341833,24-07-2021 15:55,1.021874456
-73.937625,40.85343833,24-07-2021 15:55,1.021874456
-73.93769333,40.85345667,24-07-2021 15:55,1.021874456
-73.93777,40.85347333,24-07-2021 15:55,1.021874456
-73.95186,40.82721167,24-07-2021 15:30,1.046035939
-73.95180167,40.82719167,24-07-2021 15:30,1.046035939
-73.95172333,40.82716833,24-07-2021 15:30,1.046035939
-73.95164167,40.82714167,24-07-2021 15:30,1.046035939
-73.951565,40.82711333,24-07-2021 15:30,1.037381079
-73.95148333,40.82708333,24-07-2021 15:30,1.037381079
-73.95139667,40.82705333,24-07-2021 15:30,1.03305365
-73.95130667,40.82702333,24-07-2021 15:30,1.03305365
-73.95121167,40.82699333,24-07-2021 15:30,1.02872622
-73.95113167,40.82695333,24-07-2021 15:30,1.02872622
-73.95106,40.82691667,24-07-2021 15:30,1.02439879
-73.95099333,40.82688667,24-07-2021 15:30,1.02439879
-73.95093833,40.826855,24-07-2021 15:30,1.02439879
-73.95088333,40.82683,24-07-2021 15:30,1.02439879
-73.95070833,40.82667833,24-07-2021 15:30,1.02007136
-73.95069167,40.82666,24-07-2021 15:30,1.02007136
-73.949655,40.82611167,24-07-2021 15:31,1.02007136
-73.94959333,40.82608667,24-07-2021 15:31,1.02007136
-73.951825,40.822355,24-07-2021 15:34,1.020311773
-73.95188,40.82236833,24-07-2021 15:34,1.020311773
-73.95812833,40.82145,24-07-2021 15:36,1.022715901
-73.958175,40.82142333,24-07-2021 15:36,1.022715901
-73.958265,40.82131333,24-07-2021 15:36,1.020552186
-73.95622167,40.813505,24-07-2021 15:39,1.01874909
-73.95618833,40.81355333,24-07-2021 15:39,1.01874909
-73.95615167,40.81359667,24-07-2021 15:39,1.01874909
-73.95611333,40.81363667,24-07-2021 15:39,1.01874909
-73.95608,40.81367,24-07-2021 15:39,1.01874909
-73.95605,40.81369167,24-07-2021 15:39,1.01874909
-73.955995,40.81374333,24-07-2021 15:39,1.020912805
-73.95595833,40.81378167,24-07-2021 15:39,1.020912805
-73.95592,40.81382667,24-07-2021 15:39,1.025240235
-73.95588167,40.813875,24-07-2021 15:39,1.025240235
-73.95584333,40.81391833,24-07-2021 15:39,1.025240235
-73.95581167,40.81396333,24-07-2021 15:39,1.025240235
-73.95578667,40.81400167,24-07-2021 15:39,1.020912805
-73.955765,40.814035,24-07-2021 15:39,1.020912805
-73.95575333,40.81406167,24-07-2021 15:39,1.02307652
-73.95575,40.81407833,24-07-2021 15:39,1.02307652
-73.95576333,40.814155,24-07-2021 15:40,1.02307652
-73.95577667,40.81418,24-07-2021 15:40,1.020912805
-73.95579333,40.81420167,24-07-2021 15:40,1.020912805
-73.95581333,40.81422167,24-07-2021 15:40,1.020912805
-73.95583167,40.81424,24-07-2021 15:40,1.020912805
-73.95585167,40.81426,24-07-2021 15:40,1.01874909
-73.95587,40.814285,24-07-2021 15:40,1.01874909
-73.95589167,40.81431167,24-07-2021 15:40,1.020912805
-73.95591167,40.814335,24-07-2021 15:40,1.020912805
-73.95592833,40.81436167,24-07-2021 15:40,1.01874909
-73.95595,40.814395,24-07-2021 15:40,1.01874909
-73.95597,40.81442,24-07-2021 15:40,1.020912805
-73.95599167,40.81444167,24-07-2021 15:40,1.020912805
-73.95601167,40.814465,24-07-2021 15:40,1.01874909
-73.95603167,40.81449167,24-07-2021 15:40,1.01874909
-73.95605,40.81451167,24-07-2021 15:40,1.01874909
-73.95607,40.814535,24-07-2021 15:40,1.01874909
-73.95620833,40.81469667,24-07-2021 15:40,1.025240235
-73.95623833,40.81474667,24-07-2021 15:40,1.025240235
-73.956275,40.81479,24-07-2021 15:40,1.025240235
-73.95631167,40.81482833,24-07-2021 15:40,1.025240235
-73.95634667,40.81487333,24-07-2021 15:40,1.025240235
-73.95638167,40.81491667,24-07-2021 15:40,1.025240235
-73.95641,40.81495167,24-07-2021 15:40,1.025240235
-73.95643833,40.81499,24-07-2021 15:40,1.025240235
-73.95646333,40.81502667,24-07-2021 15:40,1.02740395
-73.95650833,40.81510333,24-07-2021 15:40,1.020912805
-73.956545,40.815145,24-07-2021 15:40,1.020912805
-73.95658833,40.81518667,24-07-2021 15:40,1.025360441
-73.95663333,40.815235,24-07-2021 15:40,1.025360441
-73.95666833,40.81528333,24-07-2021 15:40,1.021033011
-73.956695,40.81532,24-07-2021 15:40,1.021033011
-73.95675167,40.81543833,24-07-2021 15:41,1.027524156
-73.95676833,40.81547333,24-07-2021 15:41,1.021033011
-73.95679167,40.81551167,24-07-2021 15:41,1.021033011
-73.956825,40.81555,24-07-2021 15:41,1.018869297
-73.95690833,40.81564,24-07-2021 15:41,1.018869297
-73.95584333,40.818705,24-07-2021 15:42,1.018989503
-73.95579667,40.818685,24-07-2021 15:42,1.018989503
-73.95366667,40.81201,24-07-2021 15:51,1.019710741
-73.95370167,40.811955,24-07-2021 15:51,1.019710741
-73.95373333,40.81189667,24-07-2021 15:51,1.019710741
-73.95377,40.81184,24-07-2021 15:51,1.019710741
-73.95381333,40.81178333,24-07-2021 15:51,1.019710741
-73.95385833,40.81173167,24-07-2021 15:51,1.019710741
-73.95390333,40.81168333,24-07-2021 15:51,1.019710741
-73.95394167,40.81163833,24-07-2021 15:51,1.019710741
-73.953975,40.81159667,24-07-2021 15:51,1.019710741
-73.954005,40.81156167,24-07-2021 15:51,1.019710741
-73.95274667,40.81063667,24-07-2021 15:52,1.019951154
-73.95271,40.810645,24-07-2021 15:52,1.019951154
-73.952675,40.810665,24-07-2021 15:52,1.019951154
-73.95263,40.81070333,24-07-2021 15:52,1.019951154
-73.95258833,40.81074333,24-07-2021 15:52,1.024278584
-73.95255,40.81078833,24-07-2021 15:52,1.024278584
-73.95251667,40.81083167,24-07-2021 15:52,1.019951154
-73.95249167,40.81087167,24-07-2021 15:52,1.019951154
-73.95247,40.81091167,24-07-2021 15:52,1.024278584
-73.952445,40.81095,24-07-2021 15:52,1.024278584
-73.95242167,40.810985,24-07-2021 15:52,1.022114869
-73.95228,40.81107333,24-07-2021 15:53,1.026442299
-73.95224,40.81113333,24-07-2021 15:53,1.022114869
-73.95220333,40.811195,24-07-2021 15:53,1.022114869
-73.95213,40.81131833,24-07-2021 15:53,1.019951154
-73.95208167,40.81137833,24-07-2021 15:53,1.019951154
-73.95203167,40.81144167,24-07-2021 15:53,1.019951154
-73.95107667,40.81252333,24-07-2021 15:53,1.019951154
-73.95099167,40.812575,24-07-2021 15:53,1.019951154
-73.95012667,40.81213333,24-07-2021 15:54,1.022235075
-73.9501,40.81212,24-07-2021 15:54,1.022235075
-73.95006667,40.81210333,24-07-2021 15:54,1.026562505
-73.95002833,40.81208667,24-07-2021 15:54,1.026562505
-73.94998833,40.81206833,24-07-2021 15:54,1.02439879
-73.94994667,40.81205167,24-07-2021 15:54,1.02439879
-73.94990333,40.81204167,24-07-2021 15:54,1.02007136
-73.949855,40.812045,24-07-2021 15:54,1.02007136
-73.94981,40.81207667,24-07-2021 15:54,1.02007136
-73.94976833,40.81211833,24-07-2021 15:54,1.02007136
-73.94973333,40.81216,24-07-2021 15:54,1.022235075
-73.94970167,40.8122,24-07-2021 15:54,1.022235075
-73.94961333,40.81233167,24-07-2021 15:54,1.02007136
-73.949585,40.81237667,24-07-2021 15:54,1.02007136
-73.94950833,40.81254167,24-07-2021 15:54,1.02007136
-73.94946833,40.81261,24-07-2021 15:54,1.02007136
-73.94942667,40.81268167,24-07-2021 15:54,1.02007136
-73.949375,40.81275167,24-07-2021 15:54,1.02007136
-73.94932167,40.812825,24-07-2021 15:54,1.02007136
-73.94926833,40.812905,24-07-2021 15:54,1.02007136
-73.94861667,40.81377333,24-07-2021 15:55,1.02007136
-73.94856,40.81384167,24-07-2021 15:55,1.02007136
-73.94850667,40.81391167,24-07-2021 15:55,1.022235075
-73.948455,40.813985,24-07-2021 15:55,1.022235075
-73.948405,40.81406167,24-07-2021 15:55,1.02439879
-73.94834333,40.81412333,24-07-2021 15:55,1.02439879
-73.94824,40.81423167,24-07-2021 15:55,1.022235075
-73.94819333,40.81427833,24-07-2021 15:55,1.022355282
-73.94815667,40.81432333,24-07-2021 15:55,1.020191567
-73.94812,40.81436333,24-07-2021 15:55,1.020191567
-73.94808667,40.81440167,24-07-2021 15:55,1.020191567
-73.94805833,40.81444167,24-07-2021 15:55,1.020191567
-73.94803667,40.81446833,24-07-2021 15:55,1.022355282
-73.94793,40.81448333,24-07-2021 15:55,1.022355282
-73.94789167,40.81448667,24-07-2021 15:55,1.020191567
-73.94785833,40.81448667,24-07-2021 15:55,1.020191567
-73.947825,40.81448167,24-07-2021 15:55,1.024518996
-73.947785,40.81446667,24-07-2021 15:55,1.024518996
-73.947735,40.81445,24-07-2021 15:55,1.022355282
-73.94768167,40.81442667,24-07-2021 15:55,1.022355282
-73.94763667,40.81438667,24-07-2021 15:55,1.022355282
-73.947585,40.81434833,24-07-2021 15:55,1.022355282
-73.94751833,40.81431667,24-07-2021 15:55,1.020191567
-73.94745,40.81428333,24-07-2021 15:55,1.020191567
-73.94737667,40.81424667,24-07-2021 15:55,1.020191567
-73.94729167,40.81421667,24-07-2021 15:55,1.020191567
-73.94560333,40.81301667,24-07-2021 15:57,1.020311773
-73.94563,40.81298167,24-07-2021 15:57,1.020311773
-73.94570167,40.81287833,24-07-2021 15:57,1.020311773
-73.94574,40.81281833,24-07-2021 15:57,1.020311773
-73.94578667,40.81275333,24-07-2021 15:57,1.020311773
-73.94776667,40.80870333,24-07-2021 15:59,1.020552186
-73.94768667,40.80866833,24-07-2021 15:59,1.020552186
-73.9476,40.80863167,24-07-2021 15:59,1.029207045
-73.947515,40.808595,24-07-2021 15:59,1.029207045
-73.94742667,40.80855667,24-07-2021 15:59,1.027043331
-73.947335,40.80852167,24-07-2021 15:59,1.027043331
-73.94725,40.80848833,24-07-2021 15:59,1.03137076
-73.94718333,40.80845833,24-07-2021 15:59,1.03137076
-73.94712167,40.80843333,24-07-2021 15:59,1.033534475
-73.94707167,40.80841,24-07-2021 15:59,1.033534475
-73.94702167,40.80839,24-07-2021 15:59,1.03137076
-73.946975,40.80837333,24-07-2021 15:59,1.03137076
-73.94692667,40.80835167,24-07-2021 15:59,1.024879616
-73.946875,40.80832333,24-07-2021 15:59,1.024879616
-73.94681833,40.80829667,24-07-2021 15:59,1.027043331
-73.94675,40.80827333,24-07-2021 15:59,1.027043331
-73.94669167,40.80824667,24-07-2021 15:59,1.022715901
-73.94664167,40.808225,24-07-2021 15:59,1.022715901
-73.94660667,40.80821167,24-07-2021 15:59,1.027043331
